acid_type,Cin,TBA_pct,DES_ratio_num,Temperature_K,acid_pct,HDES_ratio,TOA_molL,KD,E_pct,Z,SF_min,is_FA,is_AA,is_PA,gamma_aq,gamma_org,C_TBA_molar
FA,0.05,5.0,1.0,298.0,5.0,0.5,0.1,0.2754,21.593,0.0435,3.64929,1.0,0.0,0.0,4.628866572603082,2.029034369839275,0.25087671971944975
FA,0.05,20.0,1.0,298.0,5.0,0.5,1.9,7.5782,88.3425,0.0445,0.13262,1.0,0.0,0.0,4.628866572603082,1.6516255751748006,1.003506878877799
FA,0.05,5.0,2.0,298.0,5.0,1.5,0.1,0.3143,23.9147,0.04818,3.19744,1.0,0.0,0.0,4.628866572603082,1.8877015917233726,0.253574318856218
FA,0.05,20.0,2.0,298.0,5.0,1.5,1.9,8.2109,89.1433,0.0449,0.1224,1.0,0.0,0.0,4.628866572603082,1.569190686271304,1.014297275424872
FA,0.15,5.0,1.0,298.0,15.0,0.5,0.1,0.2056,17.0507,0.10305,4.93784,1.0,0.0,0.0,4.609281259767666,2.029034369839275,0.25087671971944975
FA,0.15,20.0,1.0,298.0,15.0,0.5,1.9,8.9976,89.9976,0.13599,0.11281,1.0,0.0,0.0,4.609281259767666,1.6516255751748006,1.003506878877799
FA,0.15,5.0,2.0,298.0,15.0,1.5,0.1,0.1818,15.3856,0.09299,5.58206,1.0,0.0,0.0,4.609281259767666,1.8877015917233726,0.253574318856218
FA,0.15,20.0,2.0,298.0,15.0,1.5,1.9,6.0228,85.7606,0.12958,0.16853,1.0,0.0,0.0,4.609281259767666,1.569190686271304,1.014297275424872
FA,0.05,12.5,1.5,298.0,5.0,1.0,1.0,1.4477,59.1447,0.04766,0.69422,1.0,0.0,0.0,4.628866572603082,1.7676040756051847,0.6305637982195846
FA,0.15,12.5,1.5,298.0,15.0,1.0,1.0,1.2497,55.5502,0.1343,0.81218,1.0,0.0,0.0,4.609281259767666,1.7676040756051847,0.6305637982195846
FA,0.1,12.5,1.0,298.0,10.0,0.5,1.0,1.3852,58.0752,0.0936,0.72913,1.0,0.0,0.0,4.619052141753774,1.8225743870365647,0.6271917992986242
FA,0.1,12.5,2.0,298.0,10.0,1.5,1.0,1.3143,56.7905,0.09153,0.76847,1.0,0.0,0.0,4.619052141753774,1.7142917130401751,0.633935797140545
FA,0.1,5.0,1.5,298.0,10.0,1.0,0.1,0.2331,18.9064,0.07618,4.3321,1.0,0.0,0.0,4.619052141753774,1.9570925909642163,0.2522255192878339
FA,0.1,20.0,1.5,298.0,10.0,1.0,1.9,7.5113,88.2509,0.0889,0.13446,1.0,0.0,0.0,4.619052141753774,1.6098805762452637,1.0089020771513355
FA,0.1,12.5,1.5,298.0,10.0,1.0,1.0,1.3341,57.157,0.09212,0.75706,1.0,0.0,0.0,4.619052141753774,1.7676040756051847,0.6305637982195846
FA,0.1,12.5,1.5,298.0,10.0,1.0,1.0,1.3055,56.6263,0.09127,0.77362,1.0,0.0,0.0,4.619052141753774,1.7676040756051847,0.6305637982195846
FA,0.1,12.5,1.5,298.0,10.0,1.0,1.0,1.332,57.1175,0.09206,0.75828,1.0,0.0,0.0,4.619052141753774,1.7676040756051847,0.6305637982195846
FA,0.1,12.5,1.5,298.0,10.0,1.0,1.0,1.3034,56.5864,0.0912,0.77488,1.0,0.0,0.0,4.619052141753774,1.7676040756051847,0.6305637982195846
FA,0.1,12.5,1.5,298.0,10.0,1.0,1.0,1.3431,57.3214,0.09239,0.752,1.0,0.0,0.0,4.619052141753774,1.7676040756051847,0.6305637982195846
FA,0.1,12.5,1.5,298.0,10.0,1.0,1.0,1.3229,56.95,0.09179,0.76348,1.0,0.0,0.0,4.619052141753774,1.7676040756051847,0.6305637982195846
AA,0.05,5.0,1.0,298.0,5.0,0.5,0.1,0.5807,36.7355,0.07401,1.73078,0.0,1.0,0.0,4.628866572603082,2.029034369839275,0.25087671971944975
AA,0.05,20.0,1.0,298.0,5.0,0.5,1.9,38.6358,97.477,0.0491,0.02601,0.0,1.0,0.0,4.628866572603082,1.6516255751748006,1.003506878877799
AA,0.05,5.0,2.0,298.0,5.0,1.5,0.1,0.5875,37.0084,0.07456,1.7106,0.0,1.0,0.0,4.628866572603082,1.8877015917233726,0.253574318856218
AA,0.05,20.0,2.0,298.0,5.0,1.5,1.9,7.2765,87.9176,0.04428,0.13812,0.0,1.0,0.0,4.628866572603082,1.569190686271304,1.014297275424872
AA,0.15,5.0,1.0,298.0,15.0,0.5,0.1,0.5459,35.3121,0.21343,1.85937,0.0,1.0,0.0,4.609281259767666,2.029034369839275,0.25087671971944975
AA,0.15,20.0,1.0,298.0,15.0,0.5,1.9,31.0775,96.8825,0.14639,0.03266,0.0,1.0,0.0,4.609281259767666,1.6516255751748006,1.003506878877799
AA,0.15,5.0,2.0,298.0,15.0,1.5,0.1,0.5241,34.3863,0.20783,1.93675,0.0,1.0,0.0,4.609281259767666,1.8877015917233726,0.253574318856218
AA,0.15,20.0,2.0,298.0,15.0,1.5,1.9,6.3419,86.3796,0.13052,0.16005,0.0,1.0,0.0,4.609281259767666,1.569190686271304,1.014297275424872
AA,0.05,12.5,1.5,298.0,5.0,1.0,1.0,2.1981,68.7313,0.05539,0.45722,0.0,1.0,0.0,4.628866572603082,1.7676040756051847,0.6305637982195846
AA,0.15,12.5,1.5,298.0,15.0,1.0,1.0,2.049,67.2025,0.16247,0.49536,0.0,1.0,0.0,4.609281259767666,1.7676040756051847,0.6305637982195846
AA,0.1,12.5,1.0,298.0,10.0,0.5,1.0,2.3744,70.3649,0.11341,0.42538,0.0,1.0,0.0,4.619052141753774,1.8225743870365647,0.6271917992986242
AA,0.1,12.5,2.0,298.0,10.0,1.5,1.0,1.7629,63.8056,0.10284,0.57293,0.0,1.0,0.0,4.619052141753774,1.7142917130401751,0.633935797140545
AA,0.1,5.0,1.5,298.0,10.0,1.0,0.1,0.5353,34.8651,0.14048,1.88688,0.0,1.0,0.0,4.619052141753774,1.9570925909642163,0.2522255192878339
AA,0.1,20.0,1.5,298.0,10.0,1.0,1.9,10.4214,91.2445,0.09191,0.09692,0.0,1.0,0.0,4.619052141753774,1.6098805762452637,1.0089020771513355
AA,0.1,12.5,1.5,298.0,10.0,1.0,1.0,2.0466,67.1764,0.10827,0.4935,0.0,1.0,0.0,4.619052141753774,1.7676040756051847,0.6305637982195846
AA,0.1,12.5,1.5,298.0,10.0,1.0,1.0,2.0658,67.3816,0.1086,0.48893,0.0,1.0,0.0,4.619052141753774,1.7676040756051847,0.6305637982195846
AA,0.1,12.5,1.5,298.0,10.0,1.0,1.0,2.0197,66.8844,0.1078,0.50007,0.0,1.0,0.0,4.619052141753774,1.7676040756051847,0.6305637982195846
AA,0.1,12.5,1.5,298.0,10.0,1.0,1.0,1.9935,66.5939,0.10733,0.50665,0.0,1.0,0.0,4.619052141753774,1.7676040756051847,0.6305637982195846
AA,0.1,12.5,1.5,298.0,10.0,1.0,1.0,1.994,66.6002,0.10734,0.50651,0.0,1.0,0.0,4.619052141753774,1.7676040756051847,0.6305637982195846
AA,0.1,12.5,1.5,298.0,10.0,1.0,1.0,2.0479,67.1902,0.10829,0.49319,0.0,1.0,0.0,4.619052141753774,1.7676040756051847,0.6305637982195846
PA,0.05,5.0,1.0,298.0,5.0,0.5,0.1,0.9411,48.484,0.09768,1.06785,0.0,0.0,1.0,4.628866572603082,2.029034369839275,0.25087671971944975
PA,0.05,20.0,1.0,298.0,5.0,0.5,1.9,34.6703,97.1965,0.04895,0.02899,0.0,0.0,1.0,4.628866572603082,1.6516255751748006,1.003506878877799
PA,0.05,5.0,2.0,298.0,5.0,1.5,0.1,0.6766,40.3539,0.0813,1.48546,0.0,0.0,1.0,4.628866572603082,1.8877015917233726,0.253574318856218
PA,0.05,20.0,2.0,298.0,5.0,1.5,1.9,23.9741,95.9958,0.04835,0.04192,0.0,0.0,1.0,4.628866572603082,1.569190686271304,1.014297275424872
PA,0.15,5.0,1.0,298.0,15.0,0.5,0.1,0.8526,46.0212,0.27815,1.19051,0.0,0.0,1.0,4.609281259767666,2.029034369839275,0.25087671971944975
PA,0.15,20.0,1.0,298.0,15.0,0.5,1.9,13.6182,93.1592,0.14076,0.07453,0.0,0.0,1.0,4.609281259767666,1.6516255751748006,1.003506878877799
PA,0.15,5.0,2.0,298.0,15.0,1.5,0.1,0.6403,39.035,0.23593,1.58523,0.0,0.0,1.0,4.609281259767666,1.8877015917233726,0.253574318856218
PA,0.15,20.0,2.0,298.0,15.0,1.5,1.9,12.4194,92.5481,0.13984,0.08173,0.0,0.0,1.0,4.609281259767666,1.569190686271304,1.014297275424872
PA,0.05,12.5,1.5,298.0,5.0,1.0,1.0,3.0124,75.0773,0.0605,0.33362,0.0,0.0,1.0,4.628866572603082,1.7676040756051847,0.6305637982195846
PA,0.15,12.5,1.5,298.0,15.0,1.0,1.0,2.5758,72.0339,0.17415,0.39406,0.0,0.0,1.0,4.609281259767666,1.7676040756051847,0.6305637982195846
PA,0.1,12.5,1.0,298.0,10.0,0.5,1.0,2.9443,74.6467,0.12031,0.34304,0.0,0.0,1.0,4.619052141753774,1.8225743870365647,0.6271917992986242
PA,0.1,12.5,2.0,298.0,10.0,1.5,1.0,2.4001,70.5894,0.11377,0.42081,0.0,0.0,1.0,4.619052141753774,1.7142917130401751,0.633935797140545
PA,0.1,5.0,1.5,298.0,10.0,1.0,0.1,0.7957,44.3129,0.17855,1.26925,0.0,0.0,1.0,4.619052141753774,1.9570925909642163,0.2522255192878339
PA,0.1,20.0,1.5,298.0,10.0,1.0,1.9,23.3552,95.8941,0.0966,0.04325,0.0,0.0,1.0,4.619052141753774,1.6098805762452637,1.0089020771513355
PA,0.1,12.5,1.5,298.0,10.0,1.0,1.0,2.7734,73.4989,0.11846,0.36417,0.0,0.0,1.0,4.619052141753774,1.7676040756051847,0.6305637982195846
PA,0.1,12.5,1.5,298.0,10.0,1.0,1.0,2.7662,73.4483,0.11838,0.36512,0.0,0.0,1.0,4.619052141753774,1.7676040756051847,0.6305637982195846
PA,0.1,12.5,1.5,298.0,10.0,1.0,1.0,2.7818,73.5575,0.11856,0.36308,0.0,0.0,1.0,4.619052141753774,1.7676040756051847,0.6305637982195846
PA,0.1,12.5,1.5,298.0,10.0,1.0,1.0,2.8593,74.0885,0.11941,0.35323,0.0,0.0,1.0,4.619052141753774,1.7676040756051847,0.6305637982195846
PA,0.1,12.5,1.5,298.0,10.0,1.0,1.0,2.7566,73.3803,0.11827,0.36639,0.0,0.0,1.0,4.619052141753774,1.7676040756051847,0.6305637982195846
PA,0.1,12.5,1.5,298.0,10.0,1.0,1.0,2.8359,73.9305,0.11916,0.35615,0.0,0.0,1.0,4.619052141753774,1.7676040756051847,0.6305637982195846
FA,0.1065,14.521,1.76,298.0,10.652361064811888,1.2649988574160256,1.242,1.9087,65.6208,0.09698,0.52949,1.0,0.0,0.0,4.617779470101644,1.6962460623403,0.7345502886431076
FA,0.1059,5.462,1.3,298.0,10.592071607454136,0.8039500980626122,0.155,0.2664,21.039,0.08219,3.79283,1.0,0.0,0.0,4.61789691666809,1.972387902077452,0.27494178581062856
FA,0.0715,17.801,1.41,298.0,7.145846728195292,0.9085286437246362,1.636,3.924,79.6913,0.06445,0.25666,1.0,0.0,0.0,4.6246410132562605,1.6612352815593203,0.8971089344483409
FA,0.0558,9.404,1.28,298.0,5.58302741689066,0.7813838920219965,0.628,0.8024,44.5173,0.05325,1.25327,1.0,0.0,0.0,4.62772585716255,1.8684206429534596,0.4732695548961424
FA,0.1057,14.965,1.78,298.0,10.570321523412783,1.2838982091064135,1.296,2.0455,67.1651,0.09558,0.49404,1.0,0.0,0.0,4.617936066916097,1.6850334923898285,0.7571716752090639
FA,0.1314,5.341,1.17,298.0,13.140203846660349,0.6669729199077039,0.141,0.2441,19.6178,0.09724,4.15124,1.0,0.0,0.0,4.612910957940038,1.9943207909076421,0.2684763798219585
FA,0.1222,7.419,1.46,298.0,12.223593505964503,0.9618772302513874,0.39,0.4493,31.0013,0.1029,2.25288,1.0,0.0,0.0,4.614708510701626,1.89732152793139,0.3740921176153224
FA,0.0652,11.692,1.7,298.0,6.523121027131684,1.196320375077736,0.903,1.2121,54.7941,0.06159,0.8304,1.0,0.0,0.0,4.62587836248945,1.764233729456528,0.5910657674669544
FA,0.0802,10.427,1.63,298.0,8.015120891478766,1.1302825931188885,0.751,0.9039,47.4774,0.07352,1.11513,1.0,0.0,0.0,4.622933433382265,1.8014482523844793,0.5267224224440249
FA,0.0618,18.629,1.96,298.0,6.180059021205153,1.4618976645495143,1.735,4.8896,83.0209,0.05549,0.20578,1.0,0.0,0.0,4.626546426709877,1.5972031484110754,0.944365168599946
FA,0.0766,16.681,1.97,298.0,7.6586996145951955,1.4691763773477238,1.502,3.1055,75.6426,0.06997,0.32447,1.0,0.0,0.0,4.623639857776704,1.632947752949734,0.845704650660912
FA,0.0949,6.446,1.27,298.0,9.493615021437886,0.772241561845159,0.274,0.3698,26.9943,0.0801,2.73016,1.0,0.0,0.0,4.6200512147502035,1.9489275244895718,0.32436925816023743
FA,0.0956,9.589,1.2,298.0,9.557762898336112,0.7023633647952303,0.651,0.7722,43.5722,0.08749,1.30742,1.0,0.0,0.0,4.6199140602475985,1.8734368601443983,0.48216606420285946
FA,0.0677,16.378,1.86,298.0,6.767727829392317,1.3566142840923754,1.465,2.9061,74.3991,0.06194,0.34643,1.0,0.0,0.0,4.625387267821863,1.6489084655714425,0.8293709630428919
FA,0.0932,13.761,1.63,298.0,9.320930397751038,1.1273088407024432,1.151,1.6764,62.6357,0.08547,0.60209,1.0,0.0,0.0,4.6203843398159785,1.7256269492227145,0.6951402373887241
FA,0.0584,5.624,1.42,298.0,5.844443211398891,0.9158074021706096,0.175,0.3423,25.4988,0.05338,2.93884,1.0,0.0,0.0,4.627214693246904,1.9510515358268121,0.28346052333423255
FA,0.083,6.551,1.14,298.0,8.298612123327853,0.6445241888660469,0.286,0.3848,27.7871,0.07092,2.62036,1.0,0.0,0.0,4.622384148650315,1.9637663994578114,0.3291934933908821
FA,0.0671,13.716,1.93,298.0,6.7059296853688615,1.4251201183767972,1.146,1.719,63.222,0.06227,0.58563,1.0,0.0,0.0,4.625505120572233,1.6960332420276143,0.6950870677097383
FA,0.1091,19.378,1.02,298.0,10.909154914814168,0.5228038710296975,1.825,6.3764,86.4432,0.09804,0.15854,1.0,0.0,0.0,4.617270607381661,1.6628827865671516,0.9725069112489884
FA,0.1283,12.3,1.08,298.0,12.827352272502862,0.5827299999224386,0.976,1.3581,57.5938,0.12101,0.74574,1.0,0.0,0.0,4.613516490916073,1.8186140689082835,0.6176876180199623
FA,0.1438,12.102,1.57,298.0,14.37826454974983,1.0717280523760753,0.952,1.1713,53.9444,0.12912,0.86604,1.0,0.0,0.0,4.610490492974346,1.769137522759356,0.6109436957108174
FA,0.0832,11.584,1.52,298.0,8.315689973425522,1.0206724024715377,0.89,1.1418,53.3099,0.0771,0.88311,1.0,0.0,0.0,4.62234491926393,1.7866868152040143,0.5844810790396547
FA,0.1326,7.104,1.9,298.0,13.262919241943578,1.3961607718397668,0.352,0.3834,27.7139,0.10424,2.64289,1.0,0.0,0.0,4.612676602851196,1.848606805542217,0.3598951173455625
FA,0.0609,9.219,1.67,298.0,6.085757411354436,1.1722400930398118,0.606,0.7725,43.581,0.05796,1.30246,1.0,0.0,0.0,4.626723301100624,1.8256507790869956,0.4658989641219315
FA,0.1227,6.616,1.77,298.0,12.269946142868823,1.268647491917657,0.294,0.3521,26.0402,0.09729,2.87506,1.0,0.0,0.0,4.614610779847496,1.8775619159491324,0.33470856217966016
FA,0.073,13.323,1.04,298.0,7.302139908948808,0.5374125561761798,1.099,1.6796,62.6813,0.06921,0.59972,1.0,0.0,0.0,4.624346508577473,1.7978785991810784,0.6687736282708391
FA,0.133,9.757,1.81,298.0,13.297897431324133,1.3082514720643017,0.671,0.7364,42.4086,0.11645,1.37607,1.0,0.0,0.0,4.612598490040405,1.7962515612885734,0.49382474777448065
FA,0.0791,8.839,1.52,298.0,7.909178381401186,1.0150571292317143,0.561,0.6689,40.0819,0.07225,1.50672,1.0,0.0,0.0,4.623149261265835,1.8532831554956997,0.44597964931211226
FA,0.0665,11.526,1.04,298.0,6.646078175820182,0.544910619392329,0.883,1.1407,53.2873,0.0619,0.88245,1.0,0.0,0.0,4.625622979619016,1.8426095648313106,0.5785697545184786
FA,0.1392,18.362,1.75,298.0,13.91677266254914,1.248608019456949,1.703,4.1521,80.5905,0.12306,0.24419,1.0,0.0,0.0,4.611388096350797,1.6201663746717068,0.9287496628001078
FA,0.1019,16.58,1.32,298.0,10.18858360386449,0.815929051830793,1.49,2.9706,74.8152,0.09262,0.34006,1.0,0.0,0.0,4.618680053943131,1.6951355412523914,0.8347696789857028
FA,0.0874,16.202,1.09,298.0,8.7365772887371,0.5944666680615153,1.444,2.8481,74.0132,0.08041,0.35418,1.0,0.0,0.0,4.62152126341187,1.7254313913752677,0.8137276396007556
FA,0.1437,6.841,1.24,298.0,14.368131505337791,0.7409705750056848,0.321,0.3962,28.3745,0.12006,2.56056,1.0,0.0,0.0,4.610510002192102,1.9420405943255454,0.34413533315349343
FA,0.0653,13.991,1.18,298.0,6.53284316624494,0.6792683081577391,1.179,1.8128,64.4477,0.06063,0.55525,1.0,0.0,0.0,4.625858716603676,1.7670567339377194,0.7033619530617752
FA,0.081,19.577,1.78,298.0,8.103236729000947,1.2774048382411776,1.849,6.2089,86.1283,0.07182,0.16236,1.0,0.0,0.0,4.622776480919965,1.5947559263838238,0.9905212085244135
FA,0.0644,8.445,1.01,298.0,6.438975025512508,0.5139362877082015,0.513,0.6372,38.9186,0.05978,1.57957,1.0,0.0,0.0,4.626035535873709,1.9280384669328936,0.4237763420555706
FA,0.1178,12.595,1.12,298.0,11.776586736128577,0.6218325046285311,1.011,1.3489,57.4274,0.10818,0.75006,1.0,0.0,0.0,4.615568729518747,1.8069010645541534,0.6327738872403561
FA,0.1081,17.062,1.2,298.0,10.811166092209024,0.6997756516600576,1.547,3.4575,77.5657,0.09902,0.29236,1.0,0.0,0.0,4.617466309890355,1.696021254828318,0.857932775829512
FA,0.1239,6.856,1.13,298.0,12.389840039155418,0.6310577515573133,0.323,0.4022,28.6837,0.10443,2.51711,1.0,0.0,0.0,4.614376243515498,1.9565060489372854,0.3444830213110332
FA,0.0898,12.329,1.3,298.0,8.975781938249407,0.8009486917809397,0.979,1.3217,56.9289,0.0835,0.76337,1.0,0.0,0.0,4.621050741111099,1.7934686217828142,0.620607337469652
FA,0.1456,18.872,1.29,298.0,14.5562325704697,0.786446226882055,1.765,5.4476,84.4904,0.13129,0.18624,1.0,0.0,0.0,4.610139356680267,1.6499413162562757,0.9498618181818183
FA,0.1055,6.588,1.63,298.0,10.551980423268247,1.1339751116810852,0.291,0.374,27.2199,0.08783,2.70199,1.0,0.0,0.0,4.617975217860398,1.896717605121561,0.3327944105745886
FA,0.0919,13.941,1.97,298.0,9.191143193163038,1.4662319121431815,1.173,1.7001,62.9638,0.08363,0.59362,1.0,0.0,0.0,4.620639116509142,1.6873690497710712,0.7067902724575129
FA,0.1304,16.771,1.47,298.0,13.043609156129708,0.9673816015552916,1.513,3.0538,75.3319,0.11803,0.33173,1.0,0.0,0.0,4.6131062729349654,1.6770499020829843,0.8457433881845158
FA,0.0609,16.952,1.83,298.0,6.091439967657349,1.3294286148827363,1.534,3.221,76.3091,0.05524,0.31235,1.0,0.0,0.0,4.626723301100624,1.6403778128858457,0.8581635608308606
FA,0.1031,18.016,1.61,298.0,10.307695905990537,1.1060158207000108,1.662,4.256,80.974,0.09334,0.23739,1.0,0.0,0.0,4.618445083508952,1.6391135580814344,0.9098881899109792
FA,0.0913,11.388,1.37,298.0,9.125715692736804,0.8741840434071827,0.867,1.091,52.1751,0.08423,0.92499,1.0,0.0,0.0,4.620756715690838,1.808253403368585,0.573670115996763
FA,0.1367,8.718,1.45,298.0,13.674906317523249,0.9538968820762996,0.546,0.5839,36.8646,0.1165,1.73605,1.0,0.0,0.0,4.611876078115466,1.8650050923883728,0.43954523873752355
FA,0.1246,6.579,1.82,298.0,12.460142802434463,1.3165687634239105,0.29,0.3406,25.4062,0.09694,2.97263,1.0,0.0,0.0,4.614239442205418,1.8719532342390441,0.33301417858106286
FA,0.1094,17.37,1.15,298.0,10.944336637564518,0.6461732441926983,1.584,3.588,78.2042,0.09927,0.28175,1.0,0.0,0.0,4.617211900022155,1.694012109517815,0.8729514432155383
FA,0.0644,7.483,1.92,298.0,6.438719329711427,1.42097047248745,0.398,0.5336,34.7932,0.06031,1.88619,1.0,0.0,0.0,4.626035535873709,1.8368633967535453,0.37917634745076884
FA,0.0654,5.317,1.12,298.0,6.536133951920586,0.615490063665355,0.138,0.2881,22.3661,0.05539,3.49375,1.0,0.0,0.0,4.625839070892842,2.0021859739672188,0.2671265389803075
FA,0.0675,13.867,1.05,298.0,6.746414709358527,0.5533819326271754,1.164,1.8363,64.7432,0.06346,0.54824,1.0,0.0,0.0,4.6254265513724135,1.7836711919791142,0.6961555705422174
FA,0.0894,12.568,1.32,298.0,8.936304568320283,0.8179910969520494,1.008,1.37,57.8066,0.08281,0.73643,1.0,0.0,0.0,4.621129154517236,1.7855881462967929,0.6327735419476666
FA,0.1351,7.722,1.04,298.0,13.51131626822206,0.5434750620127919,0.427,0.5222,34.3057,0.12092,1.94084,1.0,0.0,0.0,4.612188443321869,1.9442360090364232,0.3876206528189912
FA,0.0749,11.244,1.57,298.0,7.493875758322118,1.0712326517427728,0.849,1.0777,51.8702,0.06965,0.93484,1.0,0.0,0.0,4.623973525768609,1.7890486842393485,0.5676293930401942
FA,0.0874,6.525,1.52,298.0,8.736141384595715,1.0237529487176371,0.283,0.3969,28.4138,0.07664,2.54142,1.0,0.0,0.0,4.62152126341187,1.9130094195240148,0.3292247100080928
FA,0.0552,6.487,1.92,298.0,5.519618664651043,1.4248418690180622,0.278,0.4506,31.0648,0.05325,2.23133,1.0,0.0,0.0,4.627843834878562,1.8612013200703479,0.32870733207445374
FA,0.1403,17.03,1.98,298.0,14.026531439276171,1.4795706805865927,1.544,2.935,74.5873,0.12376,0.34549,1.0,0.0,0.0,4.61117341870134,1.6253716782483236,0.8634903695710819
FA,0.1142,7.018,1.78,298.0,11.424832759955477,1.2789963545781289,0.342,0.4039,28.7695,0.09435,2.50419,1.0,0.0,0.0,4.616272795199287,1.8661365388617315,0.35508391691394664
AA,0.1014,11.942,1.86,298.0,10.142228701904145,1.3575721441225577,0.933,1.6834,62.7339,0.10734,0.60006,0.0,1.0,0.0,4.618777965692047,1.741211606977613,0.604734890747235
AA,0.114,7.097,1.27,298.0,11.395632712371102,0.7664633175008461,0.352,0.7957,44.3112,0.14335,1.27109,0.0,1.0,0.0,4.61631191656627,1.9309748041206567,0.35712823846776376
AA,0.0917,10.513,1.23,298.0,9.16889368594885,0.7325699405288737,0.762,1.5486,60.7629,0.10677,0.65166,0.0,1.0,0.0,4.6206783155388775,1.8461208463236725,0.5287979444294578
AA,0.0827,15.286,1.38,298.0,8.274955644125455,0.879464079726929,1.334,3.5432,77.9893,0.08506,0.28456,0.0,1.0,0.0,4.622442994039093,1.717411406476822,0.7701142055570543
AA,0.1449,12.214,1.92,298.0,14.488579267153405,1.416348019538178,0.966,1.7599,63.7674,0.1524,0.57643,0.0,1.0,0.0,4.610275903013761,1.7288584976645125,0.6189041704882654
AA,0.1035,14.789,1.85,298.0,10.35434789830003,1.3485604887736249,1.275,2.698,72.9583,0.10291,0.37448,0.0,1.0,0.0,4.618366765603186,1.6818283070965967,0.7488252765039115
AA,0.1033,9.322,1.63,298.0,10.327222760657405,1.1329176292676206,0.619,1.182,54.1705,0.1209,0.85476,0.0,1.0,0.0,4.6184059242078215,1.8279636300831361,0.4709030806582142
AA,0.0702,17.911,1.69,298.0,7.024045931257184,1.194798128818498,1.649,5.4287,84.4448,0.06672,0.1855,0.0,1.0,0.0,4.624896282458934,1.6341282042977265,0.9053582897221476
AA,0.1114,15.886,1.1,298.0,11.143797405419198,0.5950957482299346,1.406,4.6041,82.1558,0.11611,0.21962,0.0,1.0,0.0,4.616820557641244,1.7315774323841941,0.7979425950903696
AA,0.1436,19.383,1.14,298.0,14.35939822700626,0.6374079300378022,1.826,14.0731,93.3656,0.13935,0.07208,0.0,1.0,0.0,4.610529511583125,1.6524358982932204,0.9740127434583221
AA,0.1094,16.927,1.78,298.0,10.93682004466354,1.282624104629547,1.531,3.8542,79.3993,0.10336,0.26229,0.0,1.0,0.0,4.617211900022155,1.6454025399532006,0.8564413595899651
AA,0.0753,6.426,1.59,298.0,7.533833538391872,1.0900758953583092,0.271,0.7337,42.3203,0.09996,1.3732,0.0,1.0,0.0,4.623895011110206,1.9062709801849473,0.32447226328567574
AA,0.1065,11.99,1.57,298.0,10.64950611472442,1.0724305140338497,0.939,1.8281,64.64,0.11567,0.55285,0.0,1.0,0.0,4.617779470101644,1.771713089650975,0.6052896142433236
AA,0.1264,12.382,1.8,298.0,12.63923390006588,1.2992447165120666,0.986,1.7557,63.7109,0.13102,0.57679,0.0,1.0,0.0,4.613887706481955,1.738004824146877,0.6266153763150797
AA,0.1431,6.757,1.12,298.0,14.31236235690102,0.6197335885011228,0.311,0.7998,44.4367,0.18964,1.26829,0.0,1.0,0.0,4.610627061137253,1.9606641460565255,0.3394722632856757
AA,0.1158,16.615,1.42,298.0,11.578632850405278,0.9186083007903796,1.494,4.6207,82.2087,0.11542,0.21892,0.0,1.0,0.0,4.615959849302353,1.6849863943533823,0.8374282708389532
AA,0.0834,16.438,1.9,298.0,8.336377583282381,1.398366547361536,1.473,3.5349,77.9488,0.07964,0.28525,0.0,1.0,0.0,4.622305690575764,1.644048304485521,0.8327640679794983
AA,0.0864,7.364,1.31,298.0,8.64192017772054,0.8144399802042629,0.384,0.8769,46.7198,0.11046,1.15028,0.0,1.0,0.0,4.6217173440278,1.918420231793281,0.37072287024548156
AA,0.1436,10.75,1.44,298.0,14.36127463375744,0.9379040371987531,0.79,1.5637,60.9937,0.16417,0.6487,0.0,1.0,0.0,4.610529511583125,1.815682300107977,0.5419368761801996
AA,0.1053,16.705,1.94,298.0,10.529930652529,1.4361399868384623,1.505,3.5794,78.1629,0.09927,0.28232,0.0,1.0,0.0,4.618014369501006,1.635207130966999,0.8466510385756677
AA,0.0876,15.766,1.99,298.0,8.763594734808262,1.486631544924322,1.392,3.0472,75.2915,0.08431,0.33105,0.0,1.0,0.0,4.621482049382327,1.6488555628066073,0.799485481521446
AA,0.0618,14.556,1.85,298.0,6.184785772170414,1.3505336791907827,1.247,2.611,72.3068,0.0619,0.38537,0.0,1.0,0.0,4.626546426709877,1.6866233001675348,0.7370275694631777
AA,0.1088,5.185,1.69,298.0,10.882579999692206,1.1860963651054488,0.122,0.5653,36.1161,0.15273,1.78809,0.0,1.0,0.0,4.61732931630717,1.9254943930391455,0.2620893714594011
AA,0.1325,11.878,1.3,298.0,13.253995111963212,0.7953590253440899,0.925,1.8731,65.1944,0.14656,0.54095,0.0,1.0,0.0,4.612696131487639,1.8043077553525422,0.5979052603183167
AA,0.0802,16.719,1.92,298.0,8.019273914424916,1.4184418955155542,1.506,3.5535,78.0387,0.07541,0.28367,0.0,1.0,0.0,4.622933433382265,1.6367521816097774,0.8471801888319397
AA,0.1497,9.259,1.88,298.0,14.97034657837573,1.3792000243077451,0.611,1.1112,52.6338,0.17146,0.91339,0.0,1.0,0.0,4.609339755725846,1.7996157667880779,0.46896947396816846
AA,0.0606,14.985,2.0,298.0,6.064195318713828,1.4991047304742386,1.298,2.7755,73.5137,0.05994,0.36248,0.0,1.0,0.0,4.6267822623814,1.6633265382058682,0.7599622336120851
AA,0.059,5.435,1.9,298.0,5.904407269841327,1.3970333988966253,0.152,0.6072,37.7787,0.08269,1.65672,0.0,1.0,0.0,4.627096749153073,1.8902494279419297,0.2753420555705422
AA,0.0643,7.973,1.78,298.0,6.430218751666351,1.2767679406922186,0.457,0.9517,48.7619,0.07923,1.05754,0.0,1.0,0.0,4.6260551833340315,1.8424952802640984,0.4034032586997572
AA,0.1156,5.081,1.04,298.0,11.562690393274902,0.5361627104946962,0.11,0.5598,35.8888,0.16453,1.80704,0.0,1.0,0.0,4.615998965105289,2.0207543071343266,0.25505057458861613
AA,0.1106,8.578,1.8,298.0,11.059251776477277,1.3014818108594153,0.529,0.9636,49.0721,0.12746,1.04929,0.0,1.0,0.0,4.616977086242997,1.8253554041012758,0.43410650121391964
AA,0.0557,18.917,1.8,298.0,5.572319401532604,1.3009638536416763,1.77,6.6703,86.9627,0.05161,0.15075,0.0,1.0,0.0,4.627745519677347,1.6053801915614427,0.9573318586458055
AA,0.1198,5.602,1.84,298.0,11.981207839786371,1.337980218655383,0.172,0.5825,36.8096,0.1586,1.73725,0.0,1.0,0.0,4.615177679260946,1.894091338372786,0.28362108443485295
AA,0.0625,16.178,1.5,298.0,6.249236793056431,1.0045309901929866,1.441,4.2431,80.9275,0.06298,0.23715,0.0,1.0,0.0,4.626408867540182,1.686649302621107,0.8161008902077153
AA,0.1351,16.019,1.16,298.0,13.51131099761935,0.6552129924410909,1.422,4.4596,81.6835,0.1388,0.22727,0.0,1.0,0.0,4.612188443321869,1.7227340293979172,0.8051416455354733
AA,0.0771,19.703,1.71,298.0,7.707587513178002,1.209904697281304,1.864,7.7293,88.5443,0.06978,0.13038,0.0,1.0,0.0,4.623541729740792,1.5981873311192203,0.9961522147288913
AA,0.0555,5.635,1.62,298.0,5.545003149912956,1.1163089699275328,0.176,0.65,39.3946,0.0781,1.54695,0.0,1.0,0.0,4.627784845232382,1.9231511734282498,0.28462298354464527
AA,0.121,6.376,1.17,298.0,12.095782851006208,0.6731278464225032,0.265,0.711,41.5546,0.15883,1.42349,0.0,1.0,0.0,4.614943082471556,1.9646036656099095,0.3205027893175074
AA,0.148,16.761,1.46,298.0,14.800271795541924,0.9585606424584898,1.511,4.632,82.2444,0.14631,0.21908,0.0,1.0,0.0,4.609671262256945,1.6781882508073394,0.8451486700836256
AA,0.1072,19.19,1.15,298.0,10.724131499586374,0.6451302546650497,1.803,12.2328,92.443,0.10408,0.08262,0.0,1.0,0.0,4.617642457026964,1.6555541240052423,0.9644178581062857
AA,0.1078,14.738,1.7,298.0,10.780172158075422,1.199775944589066,1.269,2.84,73.9583,0.10898,0.35591,0.0,1.0,0.0,4.6175250240362855,1.6976204059632218,0.7450502292959266
AA,0.0648,11.061,1.51,298.0,6.48438989920058,1.0083527384469422,0.827,1.7107,63.1091,0.07454,0.58835,0.0,1.0,0.0,4.625956947781982,1.8001716653339912,0.5580329700566495
AA,0.0619,9.171,1.13,298.0,6.192175261977447,0.6340946098727653,0.601,1.2864,56.2622,0.07653,0.78221,0.0,1.0,0.0,4.626526774874895,1.8930945613776775,0.4608013110331805
AA,0.0928,14.519,1.61,298.0,9.2790321368135,1.1109875470366282,1.242,2.8118,73.7655,0.09498,0.35895,0.0,1.0,0.0,4.620462729506299,1.711227142028453,0.7332741246290801
AA,0.0909,13.825,1.22,298.0,9.08783109428697,0.717628526696962,1.159,2.7365,73.2372,0.09699,0.36875,0.0,1.0,0.0,4.620835118632895,1.7667446123238302,0.6953150795791745
AA,0.0536,12.112,1.42,298.0,5.360598342773637,0.9184000441568604,0.953,2.1014,67.7569,0.06042,0.47842,0.0,1.0,0.0,4.6281584729500596,1.7853804197302556,0.6104683247909362
AA,0.1072,15.53,1.57,298.0,10.724579331221156,1.0657719004319208,1.364,3.3587,77.0574,0.10721,0.30093,0.0,1.0,0.0,4.617642457026964,1.6936090045860248,0.7839989749123281
AA,0.1152,16.811,1.32,298.0,11.524330565210317,0.8162141518240431,1.517,5.1717,83.7969,0.11573,0.19559,0.0,1.0,0.0,4.616077198797518,1.690194943119135,0.8464000647423794
AA,0.0931,10.41,1.63,298.0,9.3141819517989,1.126012480941057,0.749,1.4072,58.4584,0.10538,0.71724,0.0,1.0,0.0,4.620403936977043,1.8018508089192473,0.5258636633396279
AA,0.1237,18.816,1.89,298.0,12.367056884822205,1.3864028867237077,1.758,5.3039,84.1369,0.11141,0.19087,0.0,1.0,0.0,4.61441533116722,1.5996665599491977,0.9531342001618561
AA,0.102,9.717,1.8,298.0,10.20275114740569,1.2998704107638366,0.666,1.1914,54.3677,0.11501,0.84789,0.0,1.0,0.0,4.61866047211582,1.7983569570533755,0.491747828432695
AA,0.0994,6.081,1.12,298.0,9.941416465174234,0.6158567243352684,0.23,0.6951,41.0059,0.13506,1.45298,0.0,1.0,0.0,4.619169656231573,1.9799688094193164,0.3055099649312113
AA,0.0556,10.012,1.28,298.0,5.555679169068779,0.7806114361336559,0.701,1.45,59.1845,0.06617,0.69346,0.0,1.0,0.0,4.62776518236729,1.8528620642264202,0.5038680118694363
AA,0.0814,5.22,1.74,298.0,8.138933698019892,1.2426925667250857,0.126,0.5515,35.5454,0.11165,1.82806,0.0,1.0,0.0,4.6226980088793255,1.9176602900884143,0.26399935257620716
AA,0.1357,7.304,1.37,298.0,13.565480235745582,0.8722615731915482,0.377,0.8342,45.4806,0.17017,1.215,0.0,1.0,0.0,4.6120713011665595,1.9121377413760021,0.3679387537091989
AA,0.062,19.376,1.36,298.0,6.196725558648943,0.8649193610782525,1.825,13.3177,93.0156,0.05993,0.07555,0.0,1.0,0.0,4.626507123214924,1.6337815913437168,0.9759608092797412
AA,0.1272,15.315,1.31,298.0,12.721048913545856,0.8109615099207662,1.338,3.48,77.6786,0.12999,0.29101,0.0,1.0,0.0,4.613731397552129,1.7236842695576393,0.77099684380901
AA,0.0888,5.161,1.64,298.0,8.878416951636497,1.1408886345861595,0.119,0.5691,36.2684,0.1257,1.77282,0.0,1.0,0.0,4.621246779859134,1.9330755123119376,0.26073700566495817
AA,0.1025,7.489,1.16,298.0,10.250883029672613,0.6637513042582959,0.399,0.904,47.4794,0.13094,1.11751,0.0,1.0,0.0,4.618562565591501,1.934821256922401,0.37640962503372
AA,0.1489,17.586,1.56,298.0,14.891330026836057,1.0559694280284484,1.61,5.5021,84.6204,0.14436,0.18445,0.0,1.0,0.0,4.609495752565783,1.6521370338191383,0.8876968761801997
PA,0.0642,10.889,1.45,298.0,6.415958885687747,0.9482456132543512,0.807,2.2819,69.5297,0.08254,0.44105,0.0,0.0,1.0,4.626074830969315,1.8111637962561935,0.5490029943350417
PA,0.1255,12.04,1.43,298.0,12.553301727947446,0.933779027322593,0.945,2.5013,71.4392,0.15006,0.40481,0.0,0.0,1.0,4.614063567310846,1.7859717083439868,0.6069043431346103
PA,0.0681,5.67,1.91,298.0,6.809266522308681,1.407103622156215,0.18,0.7846,43.9664,0.10638,1.28314,0.0,0.0,1.0,4.625308702819393,1.882943699316787,0.2872779606150526
PA,0.0792,13.797,1.49,298.0,7.920593303145283,0.9901975424015864,1.156,3.5208,77.8799,0.09008,0.28628,0.0,0.0,1.0,4.623129639675978,1.7392564475938113,0.6959166603722687
PA,0.0584,17.654,1.24,298.0,5.84115334556882,0.7436674540557136,1.618,10.4943,91.3001,0.06086,0.09585,0.0,0.0,1.0,4.627214693246904,1.6796752262182921,0.8880814459131373
PA,0.1149,16.444,1.67,298.0,11.491490501342744,1.170203255351355,1.473,5.7678,85.2242,0.11999,0.17537,0.0,0.0,1.0,4.616135875892317,1.6651853509582641,0.8310275047207987
PA,0.0867,10.077,1.54,298.0,8.666083849326125,1.0395274352616788,0.709,1.8779,65.2519,0.11306,0.53714,0.0,0.0,1.0,4.6216585180110155,1.8203370757939983,0.50855278122471
PA,0.0983,17.78,1.77,298.0,9.82572508587294,1.268627589459379,1.634,8.3107,89.2596,0.09938,0.12151,0.0,0.0,1.0,4.619385115729616,1.6296278495895273,0.8995039654707313
PA,0.141,17.754,1.59,298.0,14.095522438713498,1.0871239405369806,1.63,7.2572,87.8893,0.14058,0.13974,0.0,0.0,1.0,4.611036816571993,1.6460876065399652,0.8964644510385756
PA,0.0999,6.575,1.53,298.0,9.988169585314852,1.0314110410045778,0.289,1.0459,51.1224,0.15647,0.96564,0.0,0.0,1.0,4.619071727064576,1.910348303238723,0.331782978149447
PA,0.1417,7.663,1.63,298.0,14.17337672551676,1.1308322403647424,0.42,1.176,54.0437,0.20139,0.86241,0.0,0.0,1.0,4.6109002229353475,1.8691359743753024,0.3870982951173456
PA,0.0692,18.912,1.02,298.0,6.916030096626998,0.5248231317985725,1.769,15.6816,94.0054,0.06926,0.06421,0.0,0.0,1.0,4.6250926634896965,1.6727159710070372,0.9491201726463447
PA,0.0808,5.11,1.6,298.0,8.075350724207862,1.0984771915577367,0.113,0.8141,44.8776,0.14289,1.2382,0.0,0.0,1.0,4.622815717987885,1.9400284745294072,0.2580501753439439
PA,0.1203,19.727,1.63,298.0,12.030334656988924,1.1337697730692629,1.867,17.9236,94.7156,0.11637,0.05646,0.0,0.0,1.0,4.615079927557906,1.6043422062751032,0.9965141677906664
PA,0.0978,18.55,1.76,298.0,9.775058736277328,1.2614325631840075,1.726,9.897,90.8231,0.09642,0.10203,0.0,0.0,1.0,4.619483058834163,1.6157161465775836,0.9383587806851902
PA,0.1463,18.002,1.78,298.0,14.632112235493796,1.2820051707381772,1.66,7.5604,88.3183,0.14462,0.1342,0.0,0.0,1.0,4.610002818834683,1.6244676657565917,0.9108322417048826
PA,0.1232,13.297,1.44,298.0,12.324135029937878,0.9400886995273686,1.096,3.1445,75.8718,0.14168,0.32193,0.0,0.0,1.0,4.614513053336116,1.755763274210061,0.670338106285406
PA,0.147,9.323,1.98,298.0,14.698151167055697,1.4845780814316245,0.619,1.3656,57.7272,0.18335,0.74305,0.0,0.0,1.0,4.609866289476288,1.7863363333927198,0.47271407607229576
PA,0.125,6.858,1.35,298.0,12.499835379352684,0.8464928613130488,0.323,1.1016,52.4162,0.19247,0.91916,0.0,0.0,1.0,4.614161273849006,1.9268039997027429,0.34539751820879416
PA,0.1277,19.783,1.49,298.0,12.773431275291784,0.989699741816906,1.874,16.9793,94.438,0.12285,0.05965,0.0,0.0,1.0,4.6136337101135165,1.6148812955869432,0.9978487564067982
PA,0.1478,16.905,1.41,298.0,14.779169790738402,0.91157600219406,1.529,6.3002,86.3017,0.152,0.16107,0.0,0.0,1.0,4.60971026631537,1.6798205972436133,0.851953628270839
PA,0.1055,18.871,1.8,298.0,10.55461710137764,1.3020597869857242,1.764,11.8968,92.2461,0.10395,0.08494,0.0,0.0,1.0,4.617975217860398,1.606242907603696,0.9550039384947397
PA,0.0537,5.73,1.37,298.0,5.369707272011742,0.8727023413067342,0.188,0.969,49.2115,0.0929,1.03759,0.0,0.0,1.0,4.628138806756752,1.955063500484361,0.2886485567844619
PA,0.1175,16.606,1.71,298.0,11.75305628667484,1.2132581963116982,1.493,5.7311,85.1436,0.12141,0.17654,0.0,0.0,1.0,4.615627393053601,1.6582047606027566,0.8395728405718912
PA,0.1239,5.734,1.8,298.0,12.3943146847651,1.300871592106632,0.188,0.8051,44.6022,0.19422,1.25744,0.0,0.0,1.0,4.614376243515498,1.8960972039636634,0.29018030752630164
PA,0.1122,5.068,1.86,298.0,11.218977733752457,1.3581253046248232,0.108,0.7131,41.6257,0.18566,1.4181,0.0,0.0,1.0,4.61666404017236,1.9051186542003735,0.25664012948475856
PA,0.1177,11.02,1.03,298.0,11.772873993643971,0.5296072891286132,0.822,2.2286,69.0272,0.14856,0.45399,0.0,0.0,1.0,4.615588283856547,1.8567490606643435,0.5531106555165902
PA,0.1172,17.792,1.24,298.0,11.716128088558587,0.7376583633605973,1.635,9.097,90.0961,0.11953,0.11121,0.0,0.0,1.0,4.615686058152843,1.676760594734302,0.8950235122740763
PA,0.1353,13.855,1.3,298.0,13.533446711440591,0.7989436511189055,1.163,3.4248,77.4002,0.15232,0.29594,0.0,0.0,1.0,4.612149395243004,1.7576769772043357,0.6974219045049906
PA,0.0775,7.814,1.89,298.0,7.7482505075506705,1.386557562171869,0.438,1.168,53.8751,0.10763,0.86278,0.0,0.0,1.0,4.623463230456412,1.8326369257481074,0.39582220663609397
PA,0.0842,17.111,1.72,298.0,8.419269385456603,1.2176391476415676,1.553,7.7605,88.5852,0.08781,0.12994,0.0,0.0,1.0,4.622148782804935,1.6472041404499467,0.8651971513353116
PA,0.0796,7.052,1.41,298.0,7.963620570111649,0.9079419511312822,0.346,1.1973,54.4903,0.12397,0.84184,0.0,0.0,1.0,4.623051155062928,1.9136004548824925,0.355396449959536
PA,0.1498,13.928,1.7,298.0,14.975800372629172,1.2008810101206584,1.171,3.1504,75.9058,0.16443,0.32218,0.0,0.0,1.0,4.609320256899987,1.7148587789557805,0.7041022929592664
PA,0.1415,7.016,1.5,298.0,14.152987602855548,0.9969165961303494,0.342,1.11,52.6059,0.21381,0.91368,0.0,0.0,1.0,4.610939248822115,1.9026814955374998,0.3539228486646885
PA,0.0567,5.265,1.2,298.0,5.671666688477669,0.7019790376887816,0.132,0.9307,48.2049,0.10462,1.08057,0.0,0.0,1.0,4.627548902410576,1.9922377675912346,0.2647413002427839
PA,0.1135,11.306,1.34,298.0,11.345402649517972,0.8432924623789078,0.857,2.2466,69.1986,0.1399,0.45017,0.0,0.0,1.0,4.616409723026933,1.813658775958464,0.5693563744267601
PA,0.1252,9.268,1.54,298.0,12.519631215749154,1.0408566369449512,0.612,1.5679,61.0574,0.16617,0.64579,0.0,0.0,1.0,4.614122190712774,1.8401525478819403,0.46772523334232546
PA,0.0735,18.636,1.33,298.0,7.350971168806595,0.8253427305166771,1.736,13.8682,93.2743,0.07412,0.07264,0.0,0.0,1.0,4.624248349090247,1.6512602984202447,0.9383856919341786
PA,0.1242,14.802,1.59,298.0,12.423179494179768,1.0907447941637662,1.276,3.9668,79.8661,0.13505,0.25523,0.0,0.0,1.0,4.614317613340543,1.7071425635629878,0.7474071648233073
PA,0.0741,7.332,1.32,298.0,7.413720616266629,0.8224923471686653,0.38,1.3097,56.7041,0.11552,0.7692,0.0,0.0,1.0,4.624130563472726,1.917965996553,0.36915146479633126
PA,0.1061,16.757,1.79,298.0,10.614893944143846,1.291974425141374,1.511,6.2006,86.1123,0.1099,0.16299,0.0,0.0,1.0,4.617857767116358,1.6478492277593937,0.8479304181278664
PA,0.0976,15.119,1.99,298.0,9.762573085867256,1.4947017489350247,1.314,3.8786,79.5021,0.10343,0.26034,0.0,0.0,1.0,4.619522237295661,1.6616202618193512,0.7666764553547344
PA,0.0685,6.528,1.56,298.0,6.851793449535676,1.062170733737572,0.283,1.049,51.1946,0.10825,0.95986,0.0,0.0,1.0,4.625230140614988,1.9075889843883405,0.3295169571081737
PA,0.1455,11.495,1.51,298.0,14.553494281878107,1.0127320643001112,0.879,2.2218,68.9615,0.17591,0.45663,0.0,0.0,1.0,4.6101588627796515,1.789897928527882,0.5799284866468842
PA,0.146,5.616,1.1,298.0,14.597745223292204,0.6030026841301588,0.174,0.9075,47.5767,0.24914,1.11795,0.0,0.0,1.0,4.610061334014928,1.9962833800514626,0.2820877259239277
PA,0.0566,12.741,1.46,298.0,5.655304339183824,0.9551178424117625,1.029,3.1811,76.083,0.06804,0.31613,0.0,0.0,1.0,4.6275685633491594,1.7663725268851622,0.6424461073644456
PA,0.0551,10.768,1.11,298.0,5.509604825748861,0.6116003682492267,0.792,2.3557,70.1999,0.07237,0.42684,0.0,0.0,1.0,4.627863498444264,1.8538069923556322,0.5409271540329108
PA,0.1198,9.531,1.21,298.0,11.981897256099137,0.707020541524812,0.644,1.7443,63.5614,0.16098,0.58015,0.0,0.0,1.0,4.615177679260946,1.8737196593112748,0.47930105745886165
PA,0.0917,6.681,1.0,298.0,9.16609633069148,0.5016607076748005,0.302,1.1683,53.88,0.14893,0.86382,0.0,0.0,1.0,4.6206783155388775,1.9792962726210754,0.3352214728891287
PA,0.0501,12.343,1.51,298.0,5.012330625119081,1.008167355812875,0.981,2.8193,73.8171,0.06039,0.35648,0.0,0.0,1.0,4.628846900101541,1.770135812580659,0.622710509846237
PA,0.0931,17.618,1.78,298.0,9.313270201464496,1.2805811375265843,1.614,8.0035,88.8932,0.09467,0.12611,0.0,0.0,1.0,4.620403936977043,1.6318837943361018,0.8914033126517399
PA,0.0822,12.198,1.24,298.0,8.224904409677299,0.7424828530283327,0.964,2.7912,73.6234,0.10001,0.36121,0.0,0.0,1.0,4.622541073178388,1.8032650587877328,0.613618300512544
PA,0.0728,18.956,1.33,298.0,7.282528754634205,0.8307357420548667,1.775,15.543,93.9551,0.07272,0.06481,0.0,0.0,1.0,4.624385773595764,1.6447715907213247,0.9544987752899919
PA,0.0961,7.257,1.71,298.0,9.607696052395662,1.2115580415967775,0.371,1.1188,52.804,0.14085,0.90238,0.0,0.0,1.0,4.619816097974448,1.8691502608743507,0.3669023307256542
PA,0.0638,5.139,1.92,298.0,6.382053716385308,1.4188231935306828,0.117,0.7309,42.2263,0.10565,1.37692,0.0,0.0,1.0,4.626153423260098,1.89508028835861,0.26040187752899924
PA,0.0531,14.302,1.11,298.0,5.312835129016445,0.6106294675622033,1.216,4.515,81.8677,0.06127,0.22266,0.0,0.0,1.0,4.6282568065445115,1.7670620191068562,0.7184565524683033
PA,0.1069,17.742,1.59,298.0,10.692120504306768,1.0901953827661262,1.629,8.5546,89.5338,0.10871,0.11815,0.0,0.0,1.0,4.617701175871826,1.6463270438665791,0.8958585271108715
PA,0.1353,7.441,1.62,298.0,13.533694593423668,1.119119086426974,0.393,1.1296,53.0437,0.19436,0.89722,0.0,0.0,1.0,4.612149395243004,1.8760581618928809,0.37584376584839496
PA,0.1355,18.782,1.25,298.0,13.554915417905857,0.7542634837541573,1.754,10.3072,91.1561,0.13254,0.09833,0.0,0.0,1.0,4.612110347857907,1.6552667485841808,0.9449266253034798
PA,0.1103,10.423,1.98,298.0,11.034244543333214,1.4846495336176435,0.751,1.6465,62.2136,0.13269,0.61407,0.0,0.0,1.0,4.617035787339073,1.7615184395332684,0.5284885567844619
